<?xml version="1.0" encoding="UTF-8"?>
<project-private xmlns="http://www.netbeans.org/ns/project-private/1">
    <editor-bookmarks xmlns="http://www.netbeans.org/ns/editor-bookmarks/2" lastBookmarkId="0"/>
    <open-files xmlns="http://www.netbeans.org/ns/projectui-open-files/2">
        <group>
            <file>file:/C:/Users/user/Documents/NetBeansProjects/OnlineQuiz/src/LoginAd.java</file>
            <file>file:/C:/Users/user/Documents/NetBeansProjects/OnlineQuiz/src/INDEX.java</file>
            <file>file:/C:/Users/user/Documents/NetBeansProjects/OnlineQuiz/src/quizExam.java</file>
            <file>file:/C:/Users/user/Documents/NetBeansProjects/OnlineQuiz/src/allQuestion.java</file>
            <file>file:/C:/Users/user/Documents/NetBeansProjects/OnlineQuiz/src/successfullySubmited.java</file>
            <file>file:/C:/Users/user/Documents/NetBeansProjects/OnlineQuiz/src/studentDetails.java</file>
            <file>file:/C:/Users/user/Documents/NetBeansProjects/OnlineQuiz/src/adminHome.java</file>
            <file>file:/C:/Users/user/Documents/NetBeansProjects/OnlineQuiz/src/deleteQuestion.java</file>
            <file>file:/C:/Users/user/Documents/NetBeansProjects/OnlineQuiz/src/updateQuestion.java</file>
            <file>file:/C:/Users/user/Documents/NetBeansProjects/OnlineQuiz/src/allStudentResult.java</file>
            <file>file:/C:/Users/user/Documents/NetBeansProjects/OnlineQuiz/src/addNewQuestion.java</file>
            <file>file:/C:/Users/user/Documents/NetBeansProjects/OnlineQuiz/src/instructionStudent.java</file>
            <file>file:/C:/Users/user/Documents/NetBeansProjects/OnlineQuiz/src/Project/ConnectionProvider.java</file>
        </group>
    </open-files>
</project-private>
